
-- 使用者資訊表 (`userinformation`)
INSERT INTO userinformation (ID, username, permission, password, email) VALUES
(1, '張三', 'user', 'password123', 'zhangsan@example.com'),
(2, '李四', 'admin', 'securePass!456', 'lisi@example.com'),
(3, '王五', 'user', 'alicePass789', 'wangwu@example.com'),
(4, '趙六', 'user', 'bobBuild123', 'zhaoliu@example.com'),
(5, '周七', 'user', 'charliePass456', 'zhouqi@example.com'),
(6, '鄭八', 'user', 'daisyQuack789', 'zhengba@example.com'),
(7, '許九', 'user', 'elmerHunt123', 'xujio@example.com'),
(8, '吳十', 'user', 'fionaIce456', 'wushi@example.com'),
(9, '蔡十一', 'admin', 'georgeAdmin789', 'cai11@example.com'),
(10, '沈十二', 'user', 'hannahBook123', 'shen12@example.com'),
(11, '高十三', 'user', 'ivanPass321', 'gao13@example.com'),
(12, '林十四', 'user', 'juliaJones456', 'lin14@example.com'),
(13, '唐十五', 'user', 'karenKim789', 'tang15@example.com'),
(14, '劉十六', 'user', 'liamLawson123', 'liu16@example.com'),
(15, '鄒十七', 'user', 'michaelMiller456', 'zou17@example.com'),
(16, '鄒十八', 'user', 'zouPass123', 'zou18@example.com'),
(17, '林十九', 'user', 'linPass456', 'lin19@example.com'),
(18, '陳二十', 'admin', 'chenAdmin789', 'chen20@example.com'),
(19, '高二十一', 'user', 'gaoPass321', 'gao21@example.com'),
(20, '余二十二', 'user', 'yuPass654', 'yu22@example.com'),
(21, '李二十三', 'user', 'liPass987', 'li23@example.com'),
(22, '王二十四', 'user', 'wangPass159', 'wang24@example.com'),
(23, '黃二十五', 'user', 'huangPass753', 'huang25@example.com'),
(24, '劉二十六', 'user', 'liuPass852', 'liu26@example.com'),
(25, '林二十七', 'user', 'linPass369', 'lin27@example.com'),

INSERT INTO userinformation (ID, username, permission, password, email) VALUES
(27,'丁怡心','admin','1234','onlyone2336@gmail.com');

-- 書籍標題表 (`book_title`)
INSERT INTO book_title (Callnumber, content, name, author) VALUES
('B001', '深入海洋的探險。', '海底世界', '詹姆斯·海洋'),
('B002', '星空的探索。', '星際之旅', '艾斯特·天空'),
('B003', '冒險與友誼的故事。', '失落的寶藏', '特雷沃·金子'),
('B004', '宇宙的奧秘。', '宇宙奇觀', '埃莉諾·太空'),
('B005', '驚險的偵探故事。', '失竊的項鍊案件', '福爾摩斯'),
('B006', '時空旅行的故事。', '時間旅行者', 'H.G. 威爾斯'),
('B007', '古代文明的奧秘。', '失落的城市', '考古學家菲爾'),
('B008', '理解人類心靈。', '心靈的奧秘', '弗洛伊德博士'),
('B009', '人人都能學會的烹飪藝術。', '美食探險', '戈登廚師'),
('B010', '財務知識的基礎。', '財務事務', '財務專家'),
('B011', '探索人類的起源。', '人類的歷程', '尤瓦爾·赫拉利'),
('B012', '關於幸福的科學。', '幸福的科學', '丹尼爾·卡尼曼'),
('B013', '了解心理學的基本概念。', '心理學入門', '卡爾·榮格'),
('B014', '大數據的力量。', '大數據時代', '維克托·邁爾-舍恩伯格'),
('B015', '學習管理的藝術。', '管理的藝術', '彼得·德魯克'),
('B016', '一場關於未來的討論。', '未來簡史', '尤瓦爾·赫拉利'),
('B017', '關於文化的故事。', '文化的故事', '艾瑞克·霍夫'),
('B018', '有效的溝通技巧。', '溝通的藝術', '德里克·高爾'),
('B019', '金融市場的運作。', '金融市場', '本傑明·格雷厄姆'),
('B020', '時間管理的秘訣。', '高效能人士的七個習慣', '史蒂芬·柯維');

-- 書籍編號表 (`book_id`)
INSERT INTO book_id (Book_ID, SerialNumber, location, addtime, Callnumber) VALUES
(1, 1, '書架 A', '2024-01-01 10:00:00', 'B001'),
(1, 2, '書架 A', '2024-01-01 10:00:00', 'B001'),
(2, 1, '書架 B', '2024-01-01 10:00:00', 'B002'),
(3, 1, '書架 C', '2024-01-01 10:00:00', 'B003'),
(4, 1, '書架 D', '2024-01-01 10:00:00', 'B004'),
(5, 1, '書架 E', '2024-01-01 10:00:00', 'B005'),
(6, 1, '書架 F', '2024-01-01 10:00:00', 'B006'),
(7, 1, '書架 G', '2024-01-01 10:00:00', 'B007'),
(8, 1, '書架 H', '2024-01-01 10:00:00', 'B008'),
(9, 1, '書架 I', '2024-01-01 10:00:00', 'B009'),
(10, 1, '書架 J', '2024-01-01 10:00:00', 'B010'),
(11, 1, '書架 K', '2024-01-01 10:00:00', 'B011'),
(12, 1, '書架 L', '2024-01-01 10:00:00', 'B012'),
(13, 1, '書架 M', '2024-01-01 10:00:00', 'B013'),
(14, 1, '書架 N', '2024-01-01 10:00:00', 'B014'),
(15, 1, '書架 O', '2024-01-01 10:00:00', 'B015'),
(16, 1, '書架 P', '2024-01-01 10:00:00', 'B016'),
(17, 1, '書架 Q', '2024-01-01 10:00:00', 'B017'),
(18, 1, '書架 R', '2024-01-01 10:00:00', 'B018'),
(19, 1, '書架 S', '2024-01-01 10:00:00', 'B019'),
(20, 1, '書架 T', '2024-01-01 10:00:00', 'B020');

-- 借書紀錄表 (`borrow_log`)
INSERT INTO borrow_log (SN, BorrowDateTime, ID, Book_ID, SerialNumber) VALUES
(1, '2024-01-05 15:30:00', 1, 1, 1),
(2, '2024-01-06 10:15:00', 2, 2, 1),
(3, '2024-01-07 12:00:00', 3, 3, 1),
(4, '2024-01-08 14:00:00', 4, 4, 1),
(5, '2024-01-09 09:00:00', 5, 5, 1),
(6, '2024-01-10 11:30:00', 6, 6, 1),
(7, '2024-01-11 08:45:00', 7, 7, 1),
(8, '2024-01-12 13:15:00', 8, 8, 1),
(9, '2024-01-13 16:00:00', 9, 9, 1),
(10, '2024-01-14 15:20:00', 26, 10, 1),
(11, '2024-01-15 10:00:00', 1, 11, 1),
(12, '2024-01-16 11:15:00', 2, 12, 1),
(13, '2024-01-17 14:30:00', 3, 13, 1),
(14, '2024-01-18 09:45:00', 4, 14, 1),
(15, '2024-01-19 13:00:00', 26, 15, 1),
(16, '2024-01-20 10:00:00', 26, 16, 1),
(17, '2024-01-21 11:15:00', 7, 17, 1),
(18, '2024-01-22 14:30:00', 8, 18, 1),
(19, '2024-01-23 09:45:00', 9, 19, 1),
(20, '2024-01-24 13:00:00', 10, 20, 1);
      
-- 書籍評論表 (`book_review`)
INSERT INTO book_review (name, description, score, Callnumber, ID) VALUES
('張三', '這本書讓我了解了海洋的奧秘。', 8, 'B001', 1),
('李四', '星際之旅的故事令人著迷。', 9, 'B002', 2),
('王五', '一個關於友誼的感人故事。', 7, 'B003', 3),
('趙六', '這本書讓我重新思考宇宙的意義。', 10, 'B004', 4),
('周七', '偵探故事總是充滿驚喜。', 8, 'B005', 5),
('鄭八', '時空旅行的概念真有趣！', 9, 'B006', 6),
('許九', '對古代文明的深入探討。', 7, 'B007', 7),
('吳十', '心理學的入門讀物，值得一讀。', 8, 'B008', 8),
('蔡十一', '這本書的食譜很實用。', 9, 'B009', 9),
('沈十二', '財務知識的基礎講解清晰易懂。', 9, 'B010', 10),
('高十三', '這本書的科學知識很有趣。', 9, 'B011', 11),
('林十四', '故事情節緊湊，引人入勝。', 8, 'B012', 12),
('唐十五', '這本書讓我對心理學產生了濃厚的興趣。', 8, 'B013', 13),
('劉十六', '關於財務的書籍，讓我學會了很多。', 9, 'B014', 14),
('鄒十七', '非常實用的時間管理技巧。', 9, 'B015', 15);





